mission_day,crew_id,crew_name,heart_rate_bpm,respiration_rate,spo2_pct,skin_temp_c,sleep_scheduled_hr,sleep_actual_hr,sleep_interruptions,exercise_aerobic_min,exercise_resistance_min,mood_1_5,stress_1_5,fatigue_1_5,motivation_1_5,social_1_5,co2_mmhg,o2_pp_mmhg,cabin_pressure_psia,cabin_temp_c,humidity_pct,food_reserve_days,water_reserve_l
1,CMD-01,Cmdr. Amara Reyes,63.0,15.8,97.7,36.52,8.5,7.13,0,74,69,4.0,1.7,1.7,3.8,4.0,1.89,148.7,14.67,21.6,48.3,59.1,885.5
1,FE-02,Flt. Eng. Kenji Tanaka,59.4,15.0,98.0,36.65,8.5,7.76,0,85,64,3.5,2.4,2.6,3.8,3.6,1.89,148.7,14.67,21.6,48.3,59.1,885.5
1,MS-03,Msn. Spec. Fatima Noor,62.0,14.9,98.3,36.56,8.5,7.04,0,74,60,3.8,2.3,2.3,3.8,3.8,1.89,148.7,14.67,21.6,48.3,59.1,885.5
2,CMD-01,Cmdr. Amara Reyes,63.5,14.8,98.4,36.47,8.5,7.12,0,78,71,4.0,1.8,1.7,3.9,4.3,1.89,150.2,14.6,21.8,48.0,58.2,871.0
2,FE-02,Flt. Eng. Kenji Tanaka,59.0,14.7,98.1,36.47,8.5,7.63,0,79,76,4.0,2.3,1.8,3.6,3.6,1.89,150.2,14.6,21.8,48.0,58.2,871.0
2,MS-03,Msn. Spec. Fatima Noor,65.6,15.4,98.0,36.52,8.5,7.09,0,83,67,3.7,2.3,2.1,3.5,3.8,1.89,150.2,14.6,21.8,48.0,58.2,871.0
3,CMD-01,Cmdr. Amara Reyes,61.2,14.6,97.8,36.47,8.5,7.15,0,83,64,4.0,2.1,2.0,4.3,4.1,2.0,149.3,14.7,22.0,45.3,57.3,856.5
3,FE-02,Flt. Eng. Kenji Tanaka,62.0,16.0,98.2,36.6,8.5,7.53,0,71,66,3.8,1.6,1.6,4.0,4.1,2.0,149.3,14.7,22.0,45.3,57.3,856.5
3,MS-03,Msn. Spec. Fatima Noor,66.0,15.1,97.9,36.51,8.5,7.11,0,63,68,4.0,2.4,2.4,3.7,3.7,2.0,149.3,14.7,22.0,45.3,57.3,856.5
4,CMD-01,Cmdr. Amara Reyes,63.6,15.3,98.0,36.48,8.5,7.22,0,83,74,3.8,1.9,1.7,4.1,4.3,1.97,148.6,14.66,21.6,48.5,56.4,842.0
4,FE-02,Flt. Eng. Kenji Tanaka,58.9,13.6,98.4,36.61,8.5,7.78,1,83,64,4.2,2.2,1.6,4.0,4.2,1.97,148.6,14.66,21.6,48.5,56.4,842.0
4,MS-03,Msn. Spec. Fatima Noor,64.1,14.7,97.8,36.61,8.5,7.03,0,69,61,4.0,2.3,2.5,3.7,3.7,1.97,148.6,14.66,21.6,48.5,56.4,842.0
5,CMD-01,Cmdr. Amara Reyes,64.5,15.0,97.8,36.63,8.5,7.07,0,81,67,4.0,2.1,1.8,4.3,4.2,2.02,149.8,14.68,22.3,45.6,55.5,827.5
5,FE-02,Flt. Eng. Kenji Tanaka,59.1,15.1,98.3,36.7,8.5,7.65,0,82,72,3.6,1.6,2.6,4.0,3.8,2.02,149.8,14.68,22.3,45.6,55.5,827.5
5,MS-03,Msn. Spec. Fatima Noor,61.9,14.8,98.1,36.48,8.5,7.09,0,71,75,4.0,2.4,2.3,4.0,3.8,2.02,149.8,14.68,22.3,45.6,55.5,827.5
6,CMD-01,Cmdr. Amara Reyes,63.5,16.1,97.7,36.61,8.5,7.45,0,82,60,4.1,2.1,2.0,4.1,4.0,2.06,149.4,14.68,21.6,45.3,54.6,813.0
6,FE-02,Flt. Eng. Kenji Tanaka,57.6,14.1,97.8,36.52,8.5,7.64,0,80,73,3.6,2.5,2.3,3.7,4.4,2.06,149.4,14.68,21.6,45.3,54.6,813.0
6,MS-03,Msn. Spec. Fatima Noor,62.2,15.7,98.3,36.49,8.5,6.86,0,78,60,3.7,2.2,2.4,3.9,4.0,2.06,149.4,14.68,21.6,45.3,54.6,813.0
7,CMD-01,Cmdr. Amara Reyes,63.6,15.7,98.3,36.47,8.5,7.02,0,81,63,3.7,2.1,1.8,4.0,4.0,2.04,150.4,14.68,22.1,50.2,53.7,798.5
7,FE-02,Flt. Eng. Kenji Tanaka,59.7,14.9,98.2,36.59,8.5,7.03,1,73,65,4.4,1.6,1.4,3.8,4.5,2.04,150.4,14.68,22.1,50.2,53.7,798.5
7,MS-03,Msn. Spec. Fatima Noor,65.0,14.2,97.7,36.58,8.5,6.99,0,85,64,4.1,2.1,2.4,3.8,4.1,2.04,150.4,14.68,22.1,50.2,53.7,798.5
8,CMD-01,Cmdr. Amara Reyes,63.8,14.8,98.0,36.75,8.5,7.03,0,76,77,4.2,2.3,1.8,3.8,4.3,2.02,148.5,14.67,22.3,51.2,52.8,784.0
8,FE-02,Flt. Eng. Kenji Tanaka,60.1,14.8,98.2,36.57,8.5,7.13,1,77,69,3.7,1.8,1.8,4.2,3.5,2.02,148.5,14.67,22.3,51.2,52.8,784.0
8,MS-03,Msn. Spec. Fatima Noor,62.1,14.4,97.7,36.58,8.5,6.88,0,73,76,3.6,2.4,2.5,3.6,3.7,2.02,148.5,14.67,22.3,51.2,52.8,784.0
9,CMD-01,Cmdr. Amara Reyes,60.8,15.6,97.7,36.71,8.5,7.3,0,82,61,4.0,1.7,2.1,4.3,4.1,2.13,148.9,14.61,22.4,48.6,51.9,769.5
9,FE-02,Flt. Eng. Kenji Tanaka,59.0,15.9,98.4,36.53,8.5,7.69,0,83,64,4.4,1.8,2.1,3.6,4.0,2.13,148.9,14.61,22.4,48.6,51.9,769.5
9,MS-03,Msn. Spec. Fatima Noor,64.2,13.9,97.6,36.6,8.5,7.26,0,69,74,3.8,2.3,2.0,3.7,4.0,2.13,148.9,14.61,22.4,48.6,51.9,769.5
10,CMD-01,Cmdr. Amara Reyes,64.9,16.0,98.2,36.49,8.5,7.28,0,73,78,3.9,1.8,2.3,3.8,3.8,2.1,148.9,14.64,22.2,49.2,51.0,755.0
10,FE-02,Flt. Eng. Kenji Tanaka,57.1,15.6,98.1,36.53,8.5,7.79,0,87,69,4.4,1.9,2.2,3.6,4.2,2.1,148.9,14.64,22.2,49.2,51.0,755.0
10,MS-03,Msn. Spec. Fatima Noor,62.3,13.8,98.3,36.52,8.5,6.88,0,78,61,3.7,2.5,2.2,4.1,3.8,2.1,148.9,14.64,22.2,49.2,51.0,755.0
11,CMD-01,Cmdr. Amara Reyes,64.6,14.1,98.4,36.71,8.5,7.34,0,81,62,4.1,1.9,1.8,3.9,4.1,2.09,148.5,14.62,22.2,46.0,50.1,740.5
11,FE-02,Flt. Eng. Kenji Tanaka,60.6,13.8,98.3,36.72,8.5,7.71,0,80,75,4.2,2.0,2.3,3.8,4.1,2.09,148.5,14.62,22.2,46.0,50.1,740.5
11,MS-03,Msn. Spec. Fatima Noor,62.2,15.7,98.2,36.74,8.5,7.14,1,75,71,3.8,2.4,2.2,4.0,4.0,2.09,148.5,14.62,22.2,46.0,50.1,740.5
12,CMD-01,Cmdr. Amara Reyes,60.6,15.9,98.3,36.48,8.5,7.18,0,75,67,3.8,1.9,2.0,4.0,3.7,2.07,148.4,14.67,22.5,47.0,49.2,726.0
12,FE-02,Flt. Eng. Kenji Tanaka,61.9,14.9,97.9,36.59,8.5,7.6,0,75,72,3.7,2.3,2.4,3.7,4.1,2.07,148.4,14.67,22.5,47.0,49.2,726.0
12,MS-03,Msn. Spec. Fatima Noor,64.7,14.2,98.0,36.6,8.5,7.16,1,69,74,3.6,2.1,1.9,3.9,3.7,2.07,148.4,14.67,22.5,47.0,49.2,726.0
13,CMD-01,Cmdr. Amara Reyes,65.5,14.1,98.0,36.75,8.5,7.18,0,74,80,3.9,1.8,2.0,4.0,3.9,2.1,148.8,14.65,22.2,46.3,48.3,711.5
13,FE-02,Flt. Eng. Kenji Tanaka,62.6,15.7,98.0,36.72,8.5,7.31,1,81,77,3.6,2.2,1.5,3.8,3.9,2.1,148.8,14.65,22.2,46.3,48.3,711.5
13,MS-03,Msn. Spec. Fatima Noor,63.9,14.8,97.9,36.49,8.5,6.84,0,81,67,3.5,2.2,1.9,3.8,3.7,2.1,148.8,14.65,22.2,46.3,48.3,711.5
14,CMD-01,Cmdr. Amara Reyes,61.8,15.6,98.3,36.53,8.5,6.96,0,88,65,3.9,2.2,1.7,3.7,4.3,2.15,149.1,14.64,22.4,45.6,47.4,697.0
14,FE-02,Flt. Eng. Kenji Tanaka,57.9,15.7,98.2,36.64,8.5,7.53,0,74,77,3.9,1.8,2.6,4.3,4.3,2.15,149.1,14.64,22.4,45.6,47.4,697.0
14,MS-03,Msn. Spec. Fatima Noor,65.1,15.1,98.3,36.62,8.5,7.26,0,79,62,3.9,2.2,1.9,4.0,3.9,2.15,149.1,14.64,22.4,45.6,47.4,697.0
15,CMD-01,Cmdr. Amara Reyes,62.9,15.7,98.0,36.59,8.5,7.15,0,80,66,3.8,2.1,2.1,3.7,4.0,2.19,149.0,14.62,22.2,49.2,46.5,682.5
15,FE-02,Flt. Eng. Kenji Tanaka,60.3,14.1,97.6,36.71,8.5,7.61,1,79,67,3.7,2.1,1.7,3.8,3.9,2.19,149.0,14.62,22.2,49.2,46.5,682.5
15,MS-03,Msn. Spec. Fatima Noor,62.9,15.3,98.3,36.51,8.5,7.15,1,74,60,3.8,2.2,2.4,3.7,3.9,2.19,149.0,14.62,22.2,49.2,46.5,682.5
16,CMD-01,Cmdr. Amara Reyes,60.7,14.6,98.3,36.7,8.5,7.39,0,70,72,4.2,2.0,2.1,4.1,3.7,2.18,149.3,14.64,22.5,50.8,45.6,668.0
16,FE-02,Flt. Eng. Kenji Tanaka,57.7,15.6,98.3,36.48,8.5,7.78,1,71,71,4.0,2.2,1.6,4.4,4.2,2.18,149.3,14.64,22.5,50.8,45.6,668.0
16,MS-03,Msn. Spec. Fatima Noor,64.3,15.5,97.7,36.47,8.5,6.7,0,70,63,3.9,2.5,1.9,3.9,3.8,2.18,149.3,14.64,22.5,50.8,45.6,668.0
17,CMD-01,Cmdr. Amara Reyes,65.3,16.2,98.2,36.54,8.5,7.1,0,86,63,4.2,2.0,2.1,3.8,3.8,2.25,149.2,14.62,22.1,44.1,44.7,653.5
17,FE-02,Flt. Eng. Kenji Tanaka,59.5,15.4,97.9,36.57,8.5,7.4,0,88,64,4.2,2.4,1.7,3.7,3.5,2.25,149.2,14.62,22.1,44.1,44.7,653.5
17,MS-03,Msn. Spec. Fatima Noor,61.8,15.6,97.8,36.74,8.5,6.88,0,78,69,3.6,2.4,2.2,3.6,3.8,2.25,149.2,14.62,22.1,44.1,44.7,653.5
18,CMD-01,Cmdr. Amara Reyes,61.6,15.9,98.3,36.67,8.5,7.02,0,71,77,3.8,1.7,2.3,3.7,3.9,2.21,148.8,14.64,22.2,51.6,43.8,639.0
18,FE-02,Flt. Eng. Kenji Tanaka,58.1,15.9,98.0,36.48,8.5,7.75,0,82,62,4.2,1.5,2.5,4.2,3.9,2.21,148.8,14.64,22.2,51.6,43.8,639.0
18,MS-03,Msn. Spec. Fatima Noor,65.9,14.2,98.2,36.51,8.5,6.75,0,73,66,4.0,2.1,2.2,4.0,3.7,2.21,148.8,14.64,22.2,51.6,43.8,639.0
19,CMD-01,Cmdr. Amara Reyes,62.5,13.9,98.1,36.56,8.5,7.07,0,83,69,4.0,2.2,1.9,3.7,3.8,2.4,149.1,14.68,22.0,49.1,42.9,624.5
19,FE-02,Flt. Eng. Kenji Tanaka,61.5,16.0,97.7,36.7,8.5,7.76,1,78,59,4.4,1.8,2.2,4.2,4.1,2.4,149.1,14.68,22.0,49.1,42.9,624.5
19,MS-03,Msn. Spec. Fatima Noor,65.4,15.8,98.2,36.7,8.5,7.13,0,70,69,4.0,2.4,2.4,3.6,3.8,2.4,149.1,14.68,22.0,49.1,42.9,624.5
20,CMD-01,Cmdr. Amara Reyes,65.7,16.3,98.3,36.75,8.5,6.8,0,77,62,3.6,1.9,2.0,3.9,3.8,2.54,149.1,14.63,21.9,50.3,42.0,610.0
20,FE-02,Flt. Eng. Kenji Tanaka,60.0,14.2,98.0,36.68,8.5,7.07,1,70,69,3.9,1.7,2.3,3.9,4.1,2.54,149.1,14.63,21.9,50.3,42.0,610.0
20,MS-03,Msn. Spec. Fatima Noor,62.9,14.2,98.3,36.62,8.5,7.17,0,74,62,3.7,2.1,2.1,3.8,3.6,2.54,149.1,14.63,21.9,50.3,42.0,610.0
21,CMD-01,Cmdr. Amara Reyes,63.9,14.5,97.7,36.51,8.5,6.91,0,70,75,3.9,2.5,2.4,4.0,3.6,2.61,150.7,14.65,21.7,50.5,41.1,595.5
21,FE-02,Flt. Eng. Kenji Tanaka,59.2,15.1,98.2,36.55,8.5,7.47,0,91,67,3.9,1.8,2.4,4.3,4.4,2.61,150.7,14.65,21.7,50.5,41.1,595.5
21,MS-03,Msn. Spec. Fatima Noor,66.5,15.6,97.7,36.54,8.5,6.9,0,73,58,3.9,2.4,1.9,4.0,4.0,2.61,150.7,14.65,21.7,50.5,41.1,595.5
22,CMD-01,Cmdr. Amara Reyes,65.2,14.7,98.1,36.56,8.5,6.67,1,71,61,3.7,2.4,2.4,3.5,3.6,2.8,149.6,14.6,21.6,47.2,40.2,581.0
22,FE-02,Flt. Eng. Kenji Tanaka,59.2,13.9,97.7,36.62,8.5,7.69,0,87,73,4.2,1.7,1.6,3.5,4.4,2.8,149.6,14.6,21.6,47.2,40.2,581.0
22,MS-03,Msn. Spec. Fatima Noor,61.8,14.9,97.7,36.53,8.5,7.16,1,70,63,4.0,2.1,2.0,3.8,4.1,2.8,149.6,14.6,21.6,47.2,40.2,581.0
23,CMD-01,Cmdr. Amara Reyes,70.9,15.7,98.3,36.64,8.5,6.31,1,61,56,3.5,2.4,3.1,3.8,3.6,2.94,148.6,14.65,22.3,51.7,39.3,566.5
23,FE-02,Flt. Eng. Kenji Tanaka,60.4,15.6,97.8,36.72,8.5,7.16,1,73,74,4.4,1.7,1.5,3.9,3.6,2.94,148.6,14.65,22.3,51.7,39.3,566.5
23,MS-03,Msn. Spec. Fatima Noor,63.1,15.2,97.9,36.65,8.5,7.1,0,77,67,3.8,2.4,2.1,4.0,3.9,2.94,148.6,14.65,22.3,51.7,39.3,566.5
24,CMD-01,Cmdr. Amara Reyes,69.9,16.1,98.0,36.65,8.5,6.4,1,69,51,3.3,2.5,2.8,3.2,3.5,2.95,148.4,14.66,22.0,45.9,38.4,552.0
24,FE-02,Flt. Eng. Kenji Tanaka,58.9,13.7,97.7,36.63,8.5,7.1,0,81,77,3.6,2.3,2.3,4.4,4.2,2.95,148.4,14.66,22.0,45.9,38.4,552.0
24,MS-03,Msn. Spec. Fatima Noor,66.3,14.1,97.9,36.68,8.5,6.57,0,72,55,3.7,2.6,2.4,3.7,3.8,2.95,148.4,14.66,22.0,45.9,38.4,552.0
25,CMD-01,Cmdr. Amara Reyes,70.4,15.8,98.3,36.5,8.5,6.3,2,52,52,3.1,2.7,3.2,3.1,3.3,3.15,149.0,14.69,21.6,48.0,37.5,537.5
25,FE-02,Flt. Eng. Kenji Tanaka,60.8,14.3,98.0,36.71,8.5,7.09,0,75,73,4.4,2.1,1.8,4.1,4.4,3.15,149.0,14.69,21.6,48.0,37.5,537.5
25,MS-03,Msn. Spec. Fatima Noor,64.0,14.6,98.0,36.54,8.5,6.52,1,61,65,3.2,2.5,2.6,3.2,3.6,3.15,149.0,14.69,21.6,48.0,37.5,537.5
26,CMD-01,Cmdr. Amara Reyes,73.6,14.4,97.6,36.56,8.5,5.76,1,56,43,3.0,2.8,3.4,3.2,3.5,3.25,150.5,14.7,22.2,50.0,36.6,523.0
26,FE-02,Flt. Eng. Kenji Tanaka,60.5,15.4,98.0,36.47,8.5,7.29,0,80,61,3.7,2.1,2.1,4.0,3.6,3.25,150.5,14.7,22.2,50.0,36.6,523.0
26,MS-03,Msn. Spec. Fatima Noor,66.6,15.4,98.0,36.6,8.5,6.5,2,67,52,2.8,3.2,3.3,3.4,3.4,3.25,150.5,14.7,22.2,50.0,36.6,523.0
27,CMD-01,Cmdr. Amara Reyes,75.0,16.4,97.7,36.54,8.5,5.92,3,49,40,2.8,3.2,3.7,3.1,3.4,3.19,148.4,14.59,21.7,45.3,35.7,508.5
27,FE-02,Flt. Eng. Kenji Tanaka,61.7,15.3,97.7,36.75,8.5,7.04,1,87,70,3.5,2.3,2.3,4.2,4.0,3.19,148.4,14.59,21.7,45.3,35.7,508.5
27,MS-03,Msn. Spec. Fatima Noor,67.3,15.7,98.3,36.74,8.5,6.29,2,61,50,3.1,3.1,3.6,2.7,3.3,3.19,148.4,14.59,21.7,45.3,35.7,508.5
28,CMD-01,Cmdr. Amara Reyes,74.4,16.5,98.1,36.66,8.5,5.73,3,48,46,3.1,3.2,3.6,2.9,3.3,3.49,150.4,14.6,22.0,45.4,34.8,494.0
28,FE-02,Flt. Eng. Kenji Tanaka,62.0,15.6,97.9,36.63,8.5,7.78,0,77,70,4.4,1.9,2.2,4.2,4.1,3.49,150.4,14.6,22.0,45.4,34.8,494.0
28,MS-03,Msn. Spec. Fatima Noor,63.4,15.5,98.1,36.66,8.5,6.0,1,55,54,2.6,3.6,3.4,3.1,2.9,3.49,150.4,14.6,22.0,45.4,34.8,494.0
29,CMD-01,Cmdr. Amara Reyes,79.1,16.9,98.3,36.68,8.5,5.54,1,43,32,3.0,3.3,4.2,2.7,2.9,3.42,149.7,14.63,22.3,50.6,33.9,479.5
29,FE-02,Flt. Eng. Kenji Tanaka,59.9,13.7,97.8,36.53,8.5,7.6,0,77,74,4.3,2.1,1.6,3.8,3.8,3.42,149.7,14.63,22.3,50.6,33.9,479.5
29,MS-03,Msn. Spec. Fatima Noor,67.3,15.3,97.7,36.59,8.5,6.32,2,69,51,3.3,3.1,3.1,2.9,3.3,3.42,149.7,14.63,22.3,50.6,33.9,479.5
30,CMD-01,Cmdr. Amara Reyes,77.7,16.9,98.1,36.74,8.5,5.13,1,40,36,2.3,3.6,4.4,2.5,3.2,3.63,150.0,14.69,22.1,46.3,33.0,465.0
30,FE-02,Flt. Eng. Kenji Tanaka,61.9,15.6,98.2,36.69,8.5,7.46,0,72,68,3.7,1.7,2.5,4.4,4.3,3.63,150.0,14.69,22.1,46.3,33.0,465.0
30,MS-03,Msn. Spec. Fatima Noor,64.1,14.9,98.0,36.5,8.5,6.51,2,61,66,3.1,3.0,3.0,3.1,3.3,3.63,150.0,14.69,22.1,46.3,33.0,465.0
31,CMD-01,Cmdr. Amara Reyes,80.6,15.7,98.2,36.62,8.5,5.02,3,35,26,2.7,3.9,4.4,2.7,2.9,3.76,150.6,14.61,22.1,49.5,32.1,450.5
31,FE-02,Flt. Eng. Kenji Tanaka,58.4,15.9,98.2,36.63,8.5,7.37,0,86,72,3.8,2.2,1.6,4.3,3.7,3.76,150.6,14.61,22.1,49.5,32.1,450.5
31,MS-03,Msn. Spec. Fatima Noor,63.1,16.2,98.2,36.67,8.5,6.64,0,77,67,3.9,2.3,2.8,3.7,3.5,3.76,150.6,14.61,22.1,49.5,32.1,450.5
32,CMD-01,Cmdr. Amara Reyes,83.0,14.8,97.6,36.71,8.5,4.55,3,31,29,2.3,4.1,4.7,2.5,2.7,3.78,149.8,14.6,21.7,47.1,31.2,436.0
32,FE-02,Flt. Eng. Kenji Tanaka,62.1,15.4,98.1,36.59,8.5,7.47,0,83,68,4.2,2.4,2.2,4.1,4.1,3.78,149.8,14.6,21.7,47.1,31.2,436.0
32,MS-03,Msn. Spec. Fatima Noor,63.6,13.9,98.3,36.61,8.5,7.08,0,68,64,3.9,2.3,2.4,3.7,3.8,3.78,149.8,14.6,21.7,47.1,31.2,436.0
33,CMD-01,Cmdr. Amara Reyes,81.8,16.0,98.1,36.6,8.5,4.8,3,25,24,2.3,4.5,4.6,2.2,2.7,4.02,150.4,14.63,21.5,50.7,30.3,421.5
33,FE-02,Flt. Eng. Kenji Tanaka,59.5,15.4,98.1,36.64,8.5,7.66,0,82,66,3.7,2.2,2.5,3.9,4.3,4.02,150.4,14.63,21.5,50.7,30.3,421.5
33,MS-03,Msn. Spec. Fatima Noor,61.9,15.5,98.4,36.61,8.5,6.93,0,73,58,3.9,2.3,2.4,3.8,3.6,4.02,150.4,14.63,21.5,50.7,30.3,421.5
34,CMD-01,Cmdr. Amara Reyes,80.8,15.8,97.8,36.61,8.5,5.01,3,38,29,2.2,4.3,4.6,2.5,3.0,3.95,149.2,14.62,21.6,50.2,29.4,407.0
34,FE-02,Flt. Eng. Kenji Tanaka,62.1,15.7,98.2,36.56,8.5,7.67,0,74,70,3.9,1.8,1.7,3.9,3.7,3.95,149.2,14.62,21.6,50.2,29.4,407.0
34,MS-03,Msn. Spec. Fatima Noor,64.6,15.9,98.3,36.69,8.5,6.89,0,79,61,4.0,2.0,2.0,3.7,3.7,3.95,149.2,14.62,21.6,50.2,29.4,407.0
35,CMD-01,Cmdr. Amara Reyes,77.0,16.4,97.7,36.72,8.5,5.2,3,36,34,2.4,3.9,4.0,2.6,2.8,3.85,149.8,14.59,21.5,51.6,28.5,392.5
35,FE-02,Flt. Eng. Kenji Tanaka,62.4,15.8,98.1,36.49,8.5,7.63,1,86,66,4.3,1.7,2.3,4.2,4.0,3.85,149.8,14.59,21.5,51.6,28.5,392.5
35,MS-03,Msn. Spec. Fatima Noor,63.9,15.1,98.3,36.45,8.5,6.95,0,73,74,3.8,2.4,2.2,3.9,3.6,3.85,149.8,14.59,21.5,51.6,28.5,392.5
36,CMD-01,Cmdr. Amara Reyes,74.9,16.3,97.7,36.6,8.5,5.34,2,46,45,2.8,3.3,4.0,2.9,3.3,3.69,149.7,14.67,22.3,47.0,27.6,378.0
36,FE-02,Flt. Eng. Kenji Tanaka,59.5,15.5,97.8,36.58,8.5,7.12,1,76,65,3.6,2.2,1.6,3.8,4.3,3.69,149.7,14.67,22.3,47.0,27.6,378.0
36,MS-03,Msn. Spec. Fatima Noor,63.0,15.4,98.2,36.55,8.5,7.03,0,80,66,3.7,2.2,2.4,3.7,3.8,3.69,149.7,14.67,22.3,47.0,27.6,378.0
37,CMD-01,Cmdr. Amara Reyes,75.2,16.3,98.3,36.63,8.5,5.75,1,51,48,2.8,3.0,3.4,2.9,3.5,3.57,149.7,14.67,22.3,44.3,26.7,363.5
37,FE-02,Flt. Eng. Kenji Tanaka,60.6,15.3,98.3,36.58,8.5,7.5,0,87,66,3.7,2.2,2.2,4.0,4.3,3.57,149.7,14.67,22.3,44.3,26.7,363.5
37,MS-03,Msn. Spec. Fatima Noor,65.9,14.7,97.9,36.64,8.5,7.26,0,63,67,3.7,2.3,2.0,4.0,3.6,3.57,149.7,14.67,22.3,44.3,26.7,363.5
38,CMD-01,Cmdr. Amara Reyes,72.7,16.1,98.0,36.47,8.5,5.94,3,58,51,3.0,3.2,3.1,3.5,3.7,3.43,149.7,14.59,21.6,50.5,25.8,349.0
38,FE-02,Flt. Eng. Kenji Tanaka,59.6,13.9,97.6,36.67,8.5,7.72,0,84,67,4.2,2.5,1.4,4.4,3.7,3.43,149.7,14.59,21.6,50.5,25.8,349.0
38,MS-03,Msn. Spec. Fatima Noor,61.8,15.1,98.0,36.65,8.5,7.14,1,66,68,3.9,2.4,2.4,3.9,3.6,3.43,149.7,14.59,21.6,50.5,25.8,349.0
39,CMD-01,Cmdr. Amara Reyes,70.4,15.1,98.1,36.58,8.5,6.25,2,58,56,3.3,3.2,3.0,3.6,3.6,3.47,148.4,14.59,21.6,51.1,24.9,334.5
39,FE-02,Flt. Eng. Kenji Tanaka,59.2,15.5,98.1,36.54,8.5,7.12,0,89,66,4.1,1.9,2.2,3.9,4.3,3.47,148.4,14.59,21.6,51.1,24.9,334.5
39,MS-03,Msn. Spec. Fatima Noor,65.6,15.3,98.4,36.52,8.5,7.28,0,78,66,3.9,2.5,2.1,4.0,3.9,3.47,148.4,14.59,21.6,51.1,24.9,334.5
40,CMD-01,Cmdr. Amara Reyes,67.3,14.7,98.3,36.69,8.5,6.33,1,60,58,3.6,2.8,3.1,3.4,3.4,3.28,150.2,14.62,22.0,49.5,24.0,320.0
40,FE-02,Flt. Eng. Kenji Tanaka,57.5,14.3,97.6,36.57,8.5,7.73,0,73,71,4.3,1.7,2.1,4.3,4.4,3.28,150.2,14.62,22.0,49.5,24.0,320.0
40,MS-03,Msn. Spec. Fatima Noor,61.5,15.1,98.3,36.72,8.5,7.26,0,75,67,3.8,2.2,2.1,3.7,3.5,3.28,150.2,14.62,22.0,49.5,24.0,320.0
41,CMD-01,Cmdr. Amara Reyes,67.3,14.9,97.7,36.64,8.5,6.78,0,65,64,3.7,2.2,2.5,3.4,4.1,3.2,149.7,14.61,21.7,45.4,23.1,305.5
41,FE-02,Flt. Eng. Kenji Tanaka,59.1,15.0,97.8,36.73,8.5,7.12,0,83,67,3.5,1.5,2.0,4.5,4.4,3.2,149.7,14.61,21.7,45.4,23.1,305.5
41,MS-03,Msn. Spec. Fatima Noor,64.5,14.1,97.6,36.62,8.5,6.76,0,68,70,3.6,2.4,2.3,3.7,4.1,3.2,149.7,14.61,21.7,45.4,23.1,305.5
42,CMD-01,Cmdr. Amara Reyes,67.3,15.0,98.0,36.5,8.5,6.89,0,65,69,3.9,2.3,2.1,4.1,4.0,3.09,150.6,14.7,21.6,48.8,22.2,291.0
42,FE-02,Flt. Eng. Kenji Tanaka,57.2,14.1,98.0,36.67,8.5,7.79,0,71,70,3.9,2.4,1.7,4.4,4.3,3.09,150.6,14.7,21.6,48.8,22.2,291.0
42,MS-03,Msn. Spec. Fatima Noor,63.1,14.1,97.9,36.53,8.5,6.99,1,75,57,3.6,2.3,1.9,3.9,3.8,3.09,150.6,14.7,21.6,48.8,22.2,291.0
43,CMD-01,Cmdr. Amara Reyes,61.5,15.9,97.7,36.58,8.5,6.96,0,88,66,4.3,1.8,1.7,4.3,4.2,3.0,148.7,14.62,21.6,49.4,21.3,276.5
43,FE-02,Flt. Eng. Kenji Tanaka,60.8,14.5,98.2,36.5,8.5,7.74,0,84,73,3.8,2.3,1.9,4.0,4.1,3.0,148.7,14.62,21.6,49.4,21.3,276.5
43,MS-03,Msn. Spec. Fatima Noor,62.2,14.4,97.7,36.59,8.5,7.23,0,74,65,3.6,1.9,2.2,3.8,3.7,3.0,148.7,14.62,21.6,49.4,21.3,276.5
44,CMD-01,Cmdr. Amara Reyes,61.1,14.3,97.9,36.57,8.5,7.23,0,88,68,4.3,2.0,2.2,3.9,3.8,2.84,149.5,14.67,22.3,51.4,20.4,262.0
44,FE-02,Flt. Eng. Kenji Tanaka,57.9,14.2,97.9,36.46,8.5,7.67,1,86,74,3.9,2.0,2.2,4.0,3.9,2.84,149.5,14.67,22.3,51.4,20.4,262.0
44,MS-03,Msn. Spec. Fatima Noor,65.7,15.7,98.2,36.5,8.5,6.87,1,76,58,3.6,2.0,2.2,3.9,4.0,2.84,149.5,14.67,22.3,51.4,20.4,262.0
45,CMD-01,Cmdr. Amara Reyes,64.7,16.2,97.7,36.57,8.5,7.3,0,76,75,4.0,1.9,2.2,3.9,4.1,2.83,149.8,14.61,21.8,44.1,19.5,247.5
45,FE-02,Flt. Eng. Kenji Tanaka,58.5,14.4,98.3,36.74,8.5,7.11,0,87,65,4.5,1.5,2.1,4.2,4.1,2.83,149.8,14.61,21.8,44.1,19.5,247.5
45,MS-03,Msn. Spec. Fatima Noor,65.7,16.0,98.4,36.6,8.5,6.91,0,71,64,4.0,2.4,2.4,3.8,4.0,2.83,149.8,14.61,21.8,44.1,19.5,247.5
